Zip Code,Median Age,Population,U.S. Born,Foreign Born,Foreign Percentage,Household Income,City,County,Latitude,Longitude
07001,40.7,18244.0,12141.0,5645.0,0.3094167945625959,68426.0,Avenel,Middlesex,40.578996000000004,-74.27986999999999
07002,38.6,66719.0,44833.0,19665.0,0.29474362625339107,56701.0,Bayonne,Hudson,40.666552,-74.11768000000001
07003,37.7,48892.0,34427.0,12653.0,0.2587948948703264,74961.0,Bloomfield,Essex,40.803000000000004,-74.18895
07004,46.2,7584.0,6333.0,1188.0,0.15664556962025317,107417.0,Fairfield,Essex,40.879049,-74.29378
07005,42.1,15350.0,12866.0,2333.0,0.15198697068403907,109888.0,Boonton,Morris,40.912797999999995,-74.41516
07006,45.2,25712.0,22058.0,3389.0,0.13180616054760425,114096.0,Caldwell,Essex,40.848999,-74.27917
07008,36.1,24040.0,14489.0,8156.0,0.3392678868552413,73892.0,Carteret,Middlesex,40.582504,-74.22997
07009,48.3,12638.0,10660.0,1862.0,0.14733343883525873,115926.0,Cedar Grove,Essex,40.855854,-74.22898
07010,43.8,24861.0,12316.0,11818.0,0.47536301838220507,67799.0,Cliffside Park,Bergen,40.82154,-73.98949
07011,35.4,41692.0,22960.0,17151.0,0.4113738846781157,56285.0,Clifton,Passaic,40.879699,-74.14263000000001
07012,38.8,11475.0,8338.0,3010.0,0.2623093681917211,86472.0,Clifton,Passaic,40.847922,-74.1579
07013,44.5,26934.0,17475.0,8761.0,0.32527660206430536,93005.0,Clifton,Passaic,40.868699,-74.17102
07014,38.8,5195.0,3567.0,1452.0,0.2794995187680462,96339.0,Clifton,Passaic,40.834049,-74.13669
07016,42.9,23972.0,21210.0,2543.0,0.10608209577840814,122848.0,Cranford,Union,40.656302000000004,-74.30371
07017,37.7,36304.0,26057.0,9478.0,0.2610731599823711,41322.0,East Orange,Essex,40.770933,-74.20589
07018,36.0,28922.0,21106.0,7455.0,0.25776225710531775,42335.0,East Orange,Essex,40.75555,-74.21897
07020,38.3,12165.0,6420.0,5495.0,0.45170571311138513,103505.0,Edgewater,Bergen,40.830733,-73.97334000000001
07021,46.6,2071.0,1910.0,148.0,0.07146306132303235,198750.0,Essex Fells,Essex,40.827498999999996,-74.28090999999999
07022,37.5,14422.0,6876.0,7358.0,0.5101927610594924,56057.0,Fairview,Bergen,40.816736999999996,-74.00081999999999
07023,40.3,7648.0,6408.0,1146.0,0.14984309623430964,132292.0,Fanwood,Union,40.641852,-74.38533000000001
07024,45.8,37077.0,16985.0,19284.0,0.5201068047576665,76623.0,Fort Lee,Bergen,40.849879,-73.97501
07026,36.2,31890.0,18149.0,13016.0,0.4081530260269677,54037.0,Garfield,Bergen,40.879858,-74.10807
07027,39.8,4365.0,3701.0,608.0,0.13928980526918672,79063.0,Garwood,Union,40.650802,-74.32351
07028,42.1,7791.0,6755.0,931.0,0.11949685534591195,195714.0,Glen Ridge,Essex,40.80495,-74.2047
07029,33.8,18667.0,8099.0,9984.0,0.5348475920072856,61084.0,Harrison,Hudson,40.745951,-74.15509
07030,31.8,54117.0,42931.0,8919.0,0.16480957924496922,127523.0,Hoboken,Hudson,40.744851000000004,-74.03294
07031,40.1,15877.0,10352.0,5294.0,0.33343830698494675,74481.0,North Arlington,Bergen,40.791895000000004,-74.13254
07032,37.4,42443.0,22885.0,18312.0,0.4314492378012864,63222.0,Kearny,Hudson,40.763051000000004,-74.13718
07033,39.4,8235.0,6339.0,1750.0,0.21250758955676988,108281.0,Kenilworth,Union,40.674652,-74.2908
07034,37.2,9308.0,5978.0,3163.0,0.3398152127202407,82626.0,Lake Hiawatha,Morris,40.881149,-74.38112
07035,43.4,10707.0,8945.0,1669.0,0.1558793312786028,92075.0,Lincoln Park,Morris,40.923233,-74.29375999999999
07036,38.3,43727.0,28107.0,14211.0,0.32499371097948637,66166.0,Linden,Union,40.633953000000005,-74.25339
07039,44.7,29955.0,22464.0,7139.0,0.2383241528960107,153381.0,Livingston,Essex,40.788733,-74.32134
07040,39.8,24543.0,19394.0,4785.0,0.1949639408385283,125036.0,Maplewood,Essex,40.728901,-74.26821
07041,38.5,7283.0,5267.0,1949.0,0.26760950157901964,104786.0,Millburn,Essex,40.724168,-74.29913
07042,38.4,26323.0,22123.0,3822.0,0.14519621623675114,97920.0,Montclair,Essex,40.81315,-74.21576
07043,40.9,12689.0,11049.0,1467.0,0.11561194735597762,191449.0,Montclair,Essex,40.844198999999996,-74.20218
07044,44.6,13893.0,11756.0,2039.0,0.14676455769092348,110745.0,Verona,Essex,40.832449,-74.24226999999999
07045,46.6,10732.0,8720.0,1889.0,0.17601565411852405,162798.0,Montville,Morris,40.906152,-74.36742
07046,43.3,4309.0,3587.0,693.0,0.16082617776746344,175556.0,Mountain Lakes,Morris,40.892021,-74.44022
07047,37.8,63438.0,28268.0,33147.0,0.5225101674075475,57269.0,North Bergen,Hudson,40.7946,-74.01963
07050,35.0,30644.0,18753.0,11213.0,0.3659117608667276,38506.0,Orange,Essex,40.7683,-74.23603
07052,41.3,47609.0,33204.0,13939.0,0.29278077674389297,93954.0,West Orange,Essex,40.78865,-74.25541
07054,40.6,29889.0,17035.0,12601.0,0.4215932282779618,90355.0,Parsippany,Morris,40.860149,-74.4171
07055,29.8,71097.0,38394.0,28038.0,0.3943626313346555,34958.0,Passaic,Passaic,40.857384,-74.12899
07057,39.6,11701.0,6573.0,4958.0,0.42372446799418856,62648.0,Wallington,Bergen,40.852931,-74.10925
07058,38.0,5004.0,3296.0,1530.0,0.3057553956834532,114229.0,Pine Brook,Morris,40.871299,-74.34331
07059,45.7,15982.0,12257.0,3546.0,0.22187460893505193,154429.0,Warren,Somerset,40.633652000000005,-74.5008
07060,34.2,46270.0,26547.0,18645.0,0.40296088178085154,57959.0,Plainfield,Union,40.620102,-74.42481
07062,37.0,12793.0,8810.0,3544.0,0.27702649886656766,67664.0,Plainfield,Union,40.631252,-74.40383
07063,34.9,14031.0,8648.0,5021.0,0.3578504739505381,72440.0,Plainfield,Union,40.604252,-74.44612
07064,40.6,4150.0,3314.0,723.0,0.17421686746987952,81912.0,Port Reading,Middlesex,40.569503999999995,-74.24774000000001
07065,37.7,29471.0,21278.0,7393.0,0.2508567744562451,69932.0,Rahway,Union,40.607103,-74.28099
07066,43.4,15595.0,13268.0,2127.0,0.13638986854761143,100000.0,Clark,Union,40.620336,-74.30934
07067,42.3,17751.0,13509.0,3936.0,0.22173398681764409,103205.0,Colonia,Middlesex,40.591653,-74.31341
07068,48.8,5907.0,5001.0,887.0,0.15016082613847978,110208.0,Roseland,Essex,40.821799,-74.30476999999999
07069,44.0,6133.0,5044.0,1089.0,0.17756399804337192,122434.0,Watchung,Somerset,40.641207,-74.44369499999999
07070,40.2,18622.0,13452.0,4975.0,0.2671571259800236,93787.0,Rutherford,Bergen,40.828922,-74.11064
07071,43.1,21937.0,15360.0,6163.0,0.28094087614532526,73218.0,Lyndhurst,Bergen,40.808415999999994,-74.12111
07072,40.1,6268.0,4300.0,1926.0,0.307275047862157,89419.0,Carlstadt,Bergen,40.836555,-74.08466
07073,36.2,9433.0,6295.0,2899.0,0.30732534718541293,77400.0,East Rutherford,Bergen,40.830158000000004,-74.09707
07074,43.7,2783.0,1630.0,1078.0,0.38735177865612647,59700.0,Moonachie,Bergen,40.841668,-74.059
07075,41.2,8350.0,6702.0,1573.0,0.18838323353293412,102283.0,Wood Ridge,Bergen,40.847638,-74.08754
07076,43.3,24339.0,20062.0,3893.0,0.15994905296026954,117765.0,Scotch Plains,Union,40.637152,-74.37493
07077,40.6,2437.0,2015.0,355.0,0.14567090685268774,76389.0,Sewaren,Middlesex,40.553971000000004,-74.25938000000001
07078,42.2,13097.0,10277.0,2632.0,0.20096205237840728,250001.0,Short Hills,Essex,40.73915,-74.32749
07079,33.5,16503.0,13968.0,2364.0,0.14324668242137792,121637.0,South Orange,Essex,40.74765,-74.25881
07080,41.1,24106.0,17617.0,6094.0,0.25280013274703395,91250.0,South Plainfield,Middlesex,40.580703,-74.41401
07081,44.4,17528.0,13150.0,4007.0,0.22860565951620265,110547.0,Springfield,Union,40.701801,-74.32216
07082,46.0,5214.0,4256.0,881.0,0.1689681626390487,116615.0,Towaco,Morris,40.92241,-74.34625
07083,41.7,55393.0,36939.0,17243.0,0.3112848193815103,81359.0,Union,Union,40.695401000000004,-74.26933000000001
07086,36.9,14268.0,8938.0,4948.0,0.3467900196243342,84841.0,Weehawken,Hudson,40.769796,-74.022351
07087,36.0,69954.0,25623.0,41263.0,0.5898590502330102,43407.0,Union City,Hudson,40.767751000000004,-74.0302
07088,44.8,3305.0,2804.0,451.0,0.13645990922844176,50299.0,Vauxhall,Union,40.718401,-74.28416
07090,41.8,30591.0,26622.0,3455.0,0.11294171488346245,159923.0,Westfield,Union,40.649202,-74.34567
07092,48.6,6907.0,5741.0,1038.0,0.15028232228174315,129405.0,Mountainside,Union,40.680301,-74.35601
07093,35.2,65078.0,25018.0,38335.0,0.5890623559421002,51509.0,West New York,Hudson,40.7895,-74.01223
07094,40.2,19279.0,11982.0,6875.0,0.3566056330722548,99883.0,Secaucus,Hudson,40.7885,-74.06
07095,37.4,19511.0,12859.0,6229.0,0.3192558044180206,80196.0,Woodbridge,Middlesex,40.557103999999995,-74.28316
07102,32.0,12986.0,9139.0,3229.0,0.24865239488680116,24353.0,Newark,Essex,40.735257,-74.17326
07103,31.3,32610.0,25826.0,5845.0,0.1792394970867832,27859.0,Newark,Essex,40.738501,-74.19507
07104,33.7,51398.0,30382.0,13468.0,0.2620335421611736,36547.0,Newark,Essex,40.767702,-74.16830999999999
07105,34.9,53323.0,21241.0,29777.0,0.5584269452206365,45227.0,Newark,Essex,40.725801000000004,-74.15205999999999
07106,33.2,33140.0,23353.0,9385.0,0.2831925165962583,37421.0,Newark,Essex,40.742251,-74.23006
07107,32.1,37797.0,22634.0,11642.0,0.3080138635341429,30779.0,Newark,Essex,40.760667,-74.1879
07108,31.6,21993.0,18177.0,3208.0,0.1458645932796799,25192.0,Newark,Essex,40.722751,-74.2014
07109,38.8,36344.0,24015.0,11036.0,0.3036539731454986,67782.0,Belleville,Essex,40.7935,-74.16144
07110,41.2,28722.0,22789.0,5350.0,0.1862683657126941,94128.0,Nutley,Essex,40.8196,-74.15876999999999
07111,34.6,54715.0,35780.0,17829.0,0.32585214292241615,39734.0,Irvington,Essex,40.725651,-74.23207
07112,36.1,26016.0,22034.0,3676.0,0.14129766297662977,35765.0,Newark,Essex,40.711651,-74.21303
07114,35.2,13698.0,10055.0,2919.0,0.21309680245291282,26326.0,Newark,Essex,40.707553000000004,-74.17883
07201,34.1,27005.0,12032.0,13387.0,0.49572301425661913,44655.0,Elizabeth,Union,40.669502,-74.19889
07202,34.6,41820.0,19319.0,20553.0,0.49146341463414633,44867.0,Elizabeth,Union,40.652302,-74.21692
07203,40.6,21746.0,15039.0,6128.0,0.2817989515313161,52480.0,Roselle,Union,40.653502,-74.26058
07204,37.0,13709.0,9566.0,3811.0,0.2779925596323583,67300.0,Roselle Park,Union,40.665552000000005,-74.26768
07205,37.1,22069.0,15174.0,6399.0,0.2899542344465087,65717.0,Hillside,Union,40.695552,-74.22856
07206,29.0,28010.0,14990.0,11824.0,0.42213495180292754,43429.0,Elizabeth,Union,40.653189000000005,-74.19158
07208,36.2,32499.0,15925.0,14913.0,0.458875657712545,46572.0,Elizabeth,Union,40.673102,-74.22834
07302,34.3,42861.0,25227.0,15882.0,0.37054665080142785,113898.0,Jersey City,Hudson,40.721602000000004,-74.04703
07304,35.1,43290.0,25254.0,15454.0,0.356987756987757,45870.0,Jersey City,Hudson,40.716452000000004,-74.07253
07305,34.8,66229.0,43276.0,20871.0,0.3151338537498679,49453.0,Jersey City,Hudson,40.701302,-74.08843
07306,33.4,55298.0,23589.0,29777.0,0.5384824044269232,51197.0,Jersey City,Hudson,40.733751,-74.06582
07307,33.6,44317.0,22522.0,19927.0,0.44964686237786855,59744.0,Jersey City,Hudson,40.748001,-74.04943
07310,30.4,13378.0,4339.0,8816.0,0.6589923755419346,147357.0,Jersey City,Hudson,40.731901,-74.0402
07311,33.2,420.0,253.0,167.0,0.3976190476190476,189750.0,Jersey City,Hudson,40.73235,-74.075391
07401,44.9,6820.0,5968.0,832.0,0.1219941348973607,151875.0,Allendale,Bergen,41.031504999999996,-74.13409
07403,39.2,8053.0,6813.0,1147.0,0.1424313920278157,80872.0,Bloomingdale,Passaic,41.014497,-74.33021
07405,42.1,17779.0,15152.0,2365.0,0.1330221047302998,113281.0,Butler,Morris,40.99313,-74.35893
07407,38.3,20293.0,13473.0,6399.0,0.3153304095008131,76907.0,Elmwood Park,Bergen,40.905639,-74.1199
07410,42.4,33447.0,23223.0,9876.0,0.29527311866535116,109747.0,Fair Lawn,Bergen,40.933943,-74.11671
07416,41.8,5521.0,5073.0,388.0,0.07027712370947292,59477.0,Franklin,Sussex,41.11736,-74.58784
07417,47.2,10953.0,8938.0,1899.0,0.17337715694330322,155458.0,Franklin Lakes,Bergen,41.010433,-74.20846999999999
07418,41.3,2267.0,2133.0,134.0,0.05910895456550507,128438.0,Glenwood,Sussex,41.232344,-74.48688
07419,46.0,8654.0,7794.0,851.0,0.09833602958169632,85225.0,Hamburg,Sussex,41.156187,-74.57094000000001
07420,40.5,5248.0,4162.0,1045.0,0.1991234756097561,80614.0,Haskell,Passaic,41.026747,-74.29741999999999
07421,43.9,7351.0,6876.0,450.0,0.061216161066521564,90412.0,Hewitt,Passaic,41.173445,-74.37404000000001
07422,42.9,6466.0,6181.0,250.0,0.03866377977111042,86250.0,Highland Lakes,Sussex,41.180137,-74.45489
07423,43.1,4162.0,3671.0,491.0,0.11797212878423835,176518.0,Ho Ho Kus,Bergen,41.001695,-74.10239
07424,41.1,27066.0,21186.0,5275.0,0.19489396290549027,79302.0,Little Falls,Passaic,40.886628,-74.21405
07430,39.7,26581.0,21186.0,5135.0,0.1931831007110342,107215.0,Mahwah,Bergen,41.077102000000004,-74.16147
07432,43.2,7336.0,6591.0,666.0,0.09078516902944384,105313.0,Midland Park,Bergen,40.993120000000005,-74.14286
07435,41.0,2790.0,2600.0,183.0,0.06559139784946237,124500.0,Newfoundland,Passaic,41.045897,-74.43677
07436,42.8,13145.0,11368.0,1708.0,0.12993533662989729,112944.0,Oakland,Bergen,41.028884000000005,-74.23727
07438,44.5,11537.0,10706.0,773.0,0.06700182023056253,106035.0,Oak Ridge,Passaic,41.029555,-74.5071
07439,40.3,2500.0,2271.0,183.0,0.0732,84167.0,Ogdensburg,Sussex,41.080065999999995,-74.5972
07440,43.3,4270.0,3936.0,315.0,0.07377049180327869,104236.0,Pequannock,Morris,40.946748,-74.29575
07442,41.8,11205.0,8645.0,2470.0,0.22043730477465417,92952.0,Pompton Lakes,Passaic,40.99948,-74.28806999999999
07444,50.4,11229.0,10138.0,810.0,0.07213465134918515,91060.0,Pompton Plains,Morris,40.964548,-74.29813
07446,45.0,15076.0,12964.0,1974.0,0.13093658795436455,137331.0,Ramsey,Bergen,41.058819,-74.14238
07450,41.3,25568.0,19443.0,5602.0,0.21910200250312892,162201.0,Ridgewood,Bergen,40.983996999999995,-74.11438000000001
07452,40.9,11962.0,10324.0,1485.0,0.12414311987961879,162443.0,Glen Rock,Bergen,40.961109,-74.12576
07456,42.7,12328.0,10732.0,1337.0,0.10845230369889682,115399.0,Ringwood,Passaic,41.096095,-74.26012
07457,40.9,4238.0,3711.0,517.0,0.12199150542708825,100602.0,Riverdale,Morris,40.990032,-74.31023
07458,45.9,11632.0,9349.0,2221.0,0.1909387895460798,176455.0,Saddle River,Bergen,41.054567999999996,-74.09616
07460,46.5,3400.0,3005.0,184.0,0.05411764705882353,96176.0,Stockholm,Sussex,41.091254,-74.52081
07461,45.7,18643.0,17530.0,981.0,0.05262028643458671,84676.0,Sussex,Sussex,41.229754,-74.60203
07462,40.4,6559.0,5932.0,479.0,0.07302942521725873,88223.0,Vernon,Sussex,41.193708,-74.5089
07463,42.4,9985.0,8357.0,1544.0,0.1546319479218828,115591.0,Waldwick,Bergen,41.013109,-74.12231
07465,50.1,6743.0,5858.0,832.0,0.12338721637253448,85545.0,Wanaque,Passaic,41.052958000000004,-74.28236
07470,43.3,55154.0,44015.0,10510.0,0.1905573485150669,108092.0,Wayne,Passaic,40.943608000000005,-74.25004
07480,45.5,16632.0,15348.0,1226.0,0.07371332371332372,100963.0,West Milford,Passaic,41.102569,-74.37047
07481,44.5,17231.0,15287.0,1784.0,0.10353432766525449,147463.0,Wyckoff,Bergen,40.998583,-74.1671
07495,-666666666.0,0.0,0.0,0.0,,-666666666.0,Mahwah,Bergen,40.948054,-74.08323100000001
07501,32.2,32749.0,18741.0,10528.0,0.3214754648996916,26691.0,Paterson,Passaic,40.912198,-74.16863000000001
07502,34.6,16719.0,9930.0,5352.0,0.3201148394042706,52292.0,Paterson,Passaic,40.918948,-74.1939
07503,33.9,18559.0,9196.0,8136.0,0.43838568888409934,40368.0,Paterson,Passaic,40.896798,-74.15731
07504,38.2,11122.0,6312.0,4149.0,0.3730444164718576,58125.0,Paterson,Passaic,40.912147999999995,-74.14271
07505,38.5,2673.0,1593.0,776.0,0.29031051253273477,26198.0,Paterson,Passaic,40.916165,-74.17129
07506,39.2,19065.0,15864.0,2715.0,0.14240755310778913,93675.0,Hawthorne,Passaic,40.957498,-74.15626999999999
07508,39.5,22959.0,15985.0,6348.0,0.27649287860969557,77128.0,Haledon,Passaic,40.945198,-74.18285999999999
07512,42.1,10829.0,8447.0,2086.0,0.19263089851325146,97729.0,Totowa,Passaic,40.903348,-74.21763
07513,32.4,12794.0,5818.0,6013.0,0.46998593090511176,39665.0,Paterson,Passaic,40.906597999999995,-74.14944
07514,31.6,20358.0,12197.0,7597.0,0.3731702524805973,39951.0,Paterson,Passaic,40.923648,-74.14321
07522,30.6,19890.0,11350.0,7169.0,0.3604323780794369,30902.0,Paterson,Passaic,40.925778,-74.17784
07524,33.0,13026.0,7099.0,4603.0,0.35337018271150006,35397.0,Paterson,Passaic,40.930398,-74.15829000000001
07601,39.0,44673.0,26234.0,17342.0,0.38819868824569653,59277.0,Hackensack,Bergen,40.888678000000006,-74.0488
07603,37.6,8437.0,5613.0,2551.0,0.30235865829086167,79356.0,Bogota,Bergen,40.873876,-74.02769
07604,42.9,12205.0,8876.0,3107.0,0.25456780008193364,87800.0,Hasbrouck Heights,Bergen,40.86289,-74.07506
07605,43.7,9191.0,5099.0,3940.0,0.4286802306604287,89744.0,Leonia,Bergen,40.862685,-73.98550999999999
07606,41.0,2661.0,1574.0,1070.0,0.40210447200300636,66094.0,South Hackensack,Bergen,40.863699,-74.04643
07607,42.0,9789.0,6796.0,2806.0,0.2866482786801512,86100.0,Maywood,Bergen,40.90503,-74.06279
07608,46.2,108.0,78.0,30.0,0.2777777777777778,-666666666.0,Teterboro,Bergen,40.853722999999995,-74.05986999999999
07620,52.9,1489.0,927.0,547.0,0.3673606447280054,118068.0,Alpine,Bergen,40.952814000000004,-73.93064
07621,39.0,27694.0,16570.0,10685.0,0.3858236441106377,90962.0,Bergenfield,Bergen,40.923747999999996,-73.99879
07624,44.1,8702.0,5271.0,3251.0,0.3735922776373248,130815.0,Closter,Bergen,40.971956,-73.96166
07626,41.3,8811.0,5574.0,3100.0,0.351832936102599,136250.0,Cresskill,Bergen,40.942074,-73.96504
07627,43.4,5031.0,3518.0,1434.0,0.28503279666070364,149271.0,Demarest,Bergen,40.955603,-73.96044
07628,41.9,17882.0,12770.0,4902.0,0.2741304104686277,94617.0,Dumont,Bergen,40.945173,-73.99342
07630,43.2,7668.0,6180.0,1476.0,0.19248826291079812,111536.0,Emerson,Bergen,40.97514,-74.02725
07631,39.9,28412.0,18537.0,9596.0,0.337744614951429,80489.0,Englewood,Bergen,40.893343,-73.9758
07632,48.9,5532.0,2943.0,2412.0,0.4360086767895879,134904.0,Englewood Cliffs,Bergen,40.883749,-73.95173
07640,43.7,4819.0,3771.0,933.0,0.19360863249636853,127188.0,Harrington Park,Bergen,40.989357,-73.97958
07641,45.4,3473.0,2850.0,598.0,0.17218543046357615,170417.0,Haworth,Bergen,40.958573,-73.98659
07642,44.7,10520.0,8967.0,1459.0,0.13868821292775665,124844.0,Hillsdale,Bergen,41.007389,-74.04247
07643,42.0,10942.0,5914.0,4849.0,0.44315481630414916,61341.0,Little Ferry,Bergen,40.850621000000004,-74.04111999999999
07644,37.2,24805.0,15128.0,9034.0,0.3642007659746019,57188.0,Lodi,Bergen,40.877998999999996,-74.08265
07645,44.1,8440.0,6497.0,1828.0,0.21658767772511847,120060.0,Montvale,Bergen,41.048997,-74.04052
07646,41.1,16760.0,11475.0,5006.0,0.2986873508353222,84025.0,New Milford,Bergen,40.936211,-74.0188
07647,45.6,5471.0,3940.0,1508.0,0.27563516724547615,93925.0,Northvale,Bergen,41.009414,-73.94849
07648,47.6,5864.0,4197.0,1615.0,0.2754092769440655,125417.0,Norwood,Bergen,40.994442,-73.95586
07649,44.9,8222.0,6569.0,1576.0,0.19168085623935782,137583.0,Oradell,Bergen,40.953126,-74.03379
07650,39.3,20697.0,7247.0,13179.0,0.6367589505725467,64538.0,Palisades Park,Bergen,40.845742,-73.99479000000001
07652,46.8,26919.0,18121.0,8193.0,0.30435751699543073,105114.0,Paramus,Bergen,40.947107,-74.07047
07656,44.8,8905.0,7760.0,1098.0,0.12330151600224593,106875.0,Park Ridge,Bergen,41.034672,-74.04065
07657,40.0,11369.0,5793.0,5416.0,0.47638314715454305,66690.0,Ridgefield,Bergen,40.832421000000004,-74.00399
07660,37.0,13070.0,8321.0,4540.0,0.3473603672532517,72191.0,Ridgefield Park,Bergen,40.856749,-74.02278000000001
07661,42.6,11648.0,8346.0,3121.0,0.2679429945054945,123590.0,River Edge,Bergen,40.927578999999994,-74.03739
07662,44.6,5677.0,4177.0,1416.0,0.2494275145323234,78333.0,Rochelle Park,Bergen,40.906553,-74.07797
07663,42.2,14076.0,10357.0,3499.0,0.2485791418016482,94177.0,Saddle Brook,Bergen,40.904131,-74.09474
07666,38.7,40977.0,30921.0,9184.0,0.22412572906752568,106411.0,Teaneck,Bergen,40.890964000000004,-74.01115
07670,43.3,14882.0,9509.0,5150.0,0.3460556376831071,153906.0,Tenafly,Bergen,40.921690000000005,-73.96481999999999
07675,44.2,27300.0,22283.0,4821.0,0.17659340659340658,119748.0,Westwood,Bergen,40.99904,-74.03291
07676,46.0,9354.0,7916.0,1394.0,0.1490271541586487,128203.0,Township Of Washington,Bergen,40.989508,-74.061302
07677,46.7,5868.0,5162.0,684.0,0.1165644171779141,161250.0,Woodcliff Lake,Bergen,41.025101,-74.059762
07701,40.5,23874.0,19705.0,4018.0,0.16830024294211277,84520.0,Red Bank,Monmouth,40.352953,-74.07703000000001
07702,46.6,4051.0,3881.0,154.0,0.03801530486299679,122321.0,Shrewsbury,Monmouth,40.329128000000004,-74.06315
07703,27.5,54.0,54.0,0.0,0.0,-666666666.0,Fort Monmouth,Monmouth,40.309121000000005,-74.0486
07704,41.2,6015.0,5787.0,198.0,0.03291770573566085,158264.0,Fair Haven,Monmouth,40.360580999999996,-74.03738
07711,48.5,1617.0,1577.0,29.0,0.017934446505875078,137625.0,Allenhurst,Monmouth,40.236916,-74.0069
07712,39.8,38580.0,29579.0,8434.0,0.2186106791083463,60869.0,Asbury Park,Monmouth,40.232713000000004,-74.03143
07716,46.7,8733.0,8028.0,614.0,0.07030802702393221,91012.0,Atlantic Highlands,Monmouth,40.407958,-74.03483
07717,52.4,1814.0,1750.0,43.0,0.023704520396912898,78323.0,Avon By The Sea,Monmouth,40.191809,-74.01688
07718,38.9,7552.0,6797.0,551.0,0.07296080508474577,102542.0,Belford,Monmouth,40.415902,-74.08689
07719,45.9,21155.0,19432.0,1551.0,0.07331600094540298,92414.0,Belmar,Monmouth,40.175357,-74.04694
07720,41.6,4262.0,3759.0,446.0,0.10464570624120131,61209.0,Bradley Beach,Monmouth,40.202113,-74.01353
07721,36.2,3039.0,2433.0,581.0,0.19118130964132937,68350.0,Cliffwood,Monmouth,40.435961,-74.23734
07722,45.3,10147.0,9287.0,794.0,0.07824972898393615,166706.0,Colts Neck,Monmouth,40.300226,-74.18306
07723,58.9,749.0,617.0,120.0,0.1602136181575434,77778.0,Deal,Monmouth,40.250104,-74.00153
07724,42.9,21245.0,17623.0,3315.0,0.15603671452106377,79868.0,Eatontown,Monmouth,40.301978999999996,-74.06889
07726,43.1,44337.0,37393.0,6307.0,0.14225139274195367,106678.0,Englishtown,Monmouth,40.294244,-74.34213000000001
07727,38.9,7758.0,6890.0,710.0,0.09151843258571797,77128.0,Farmingdale,Monmouth,40.205366999999995,-74.15767
07728,41.1,55497.0,45983.0,8836.0,0.15921581346739463,86037.0,Freehold,Monmouth,40.241036,-74.27629
07730,42.9,17389.0,15407.0,1862.0,0.107079187992409,98194.0,Hazlet,Monmouth,40.423297999999996,-74.179
07731,39.0,38492.0,33692.0,4451.0,0.11563441754130728,102961.0,Howell,Monmouth,40.146597,-74.20815
07732,51.3,4900.0,4481.0,308.0,0.06285714285714286,60817.0,Highlands,Monmouth,40.404474,-73.9904
07733,48.4,16729.0,12845.0,3688.0,0.22045549644330206,152294.0,Holmdel,Monmouth,40.384832,-74.17194
07734,41.9,12738.0,11216.0,1250.0,0.09813157481551264,54092.0,Keansburg,Monmouth,40.444407,-74.13298
07735,40.4,18939.0,16367.0,2193.0,0.11579280849041661,66782.0,Keyport,Monmouth,40.439714,-74.19374
07737,43.4,3909.0,3755.0,133.0,0.034024047070862116,91042.0,Leonardo,Monmouth,40.416771999999995,-74.06058
07738,44.9,6193.0,5587.0,543.0,0.08767963830130793,132222.0,Lincroft,Monmouth,40.337374,-74.12059
07739,44.8,5917.0,5546.0,355.0,0.05999661990873754,144250.0,Little Silver,Monmouth,40.33517,-74.04059000000001
07740,37.0,31038.0,20953.0,9434.0,0.30394999677814294,55038.0,Long Branch,Monmouth,40.297932,-73.99096999999999
07746,44.5,18576.0,14875.0,3516.0,0.1892764857881137,144588.0,Marlboro,Monmouth,40.316876,-74.26111999999999
07747,41.6,31092.0,25291.0,5484.0,0.17637977614820533,99825.0,Matawan,Monmouth,40.411102,-74.23767
07748,43.3,27139.0,24677.0,2233.0,0.08228011348981171,113676.0,Middletown,Monmouth,40.410213,-74.11718
07750,53.3,3237.0,3079.0,127.0,0.039233858510966946,110380.0,Monmouth Beach,Monmouth,40.332877,-73.97986
07751,41.3,19837.0,15140.0,4588.0,0.23128497252608762,145118.0,Morganville,Monmouth,40.361014000000004,-74.26595
07753,45.1,38073.0,33262.0,4260.0,0.11189031597194862,64774.0,Neptune,Monmouth,40.208945,-74.05261
07755,45.1,5977.0,5430.0,538.0,0.09001171156098377,90192.0,Oakhurst,Monmouth,40.263575,-74.02176
07756,59.0,2943.0,2764.0,179.0,0.06082229018008835,60000.0,Ocean Grove,Monmouth,40.211982,-74.00916
07757,47.5,5738.0,5255.0,440.0,0.07668177065179504,107571.0,Oceanport,Monmouth,40.318115,-74.01239
07758,40.8,4275.0,3939.0,297.0,0.06947368421052631,92879.0,Port Monmouth,Monmouth,40.427561,-74.1069
07760,44.5,8803.0,8027.0,628.0,0.07133931614222425,138917.0,Rumson,Monmouth,40.369145,-73.99576
07762,53.0,8250.0,7812.0,425.0,0.051515151515151514,77500.0,Spring Lake,Monmouth,40.153024,-74.03372
07764,33.4,7944.0,7333.0,508.0,0.06394763343403827,100000.0,West Long Branch,Monmouth,40.289984999999994,-74.01671
07801,37.4,25484.0,13618.0,10269.0,0.4029587191963585,69028.0,Dover,Morris,40.889165999999996,-74.55462
07803,39.2,3609.0,2807.0,734.0,0.20338043779440287,84904.0,Mine Hill,Morris,40.878785,-74.60098
07820,31.6,46.0,44.0,2.0,0.043478260869565216,-666666666.0,Allamuchy,Warren,40.869648,-74.849661
07821,45.6,9465.0,8592.0,777.0,0.0820919175911252,106515.0,Andover,Sussex,40.966308000000005,-74.74298
07822,45.6,633.0,513.0,120.0,0.1895734597156398,70156.0,Augusta,Sussex,41.139545,-74.6993
07823,50.0,7747.0,7340.0,369.0,0.047631341164321675,60938.0,Belvidere,Warren,40.82383,-75.04585
07825,47.1,9165.0,8503.0,556.0,0.06066557555919258,91903.0,Blairstown,Warren,40.96035,-74.96243
07826,47.0,5915.0,5602.0,278.0,0.04699915469146238,81569.0,Branchville,Sussex,41.177457000000004,-74.75904
07827,46.2,4118.0,3920.0,175.0,0.04249635745507528,69688.0,Montague,Sussex,41.300062,-74.76058
07828,36.9,15197.0,11963.0,2713.0,0.17852207672566953,77375.0,Budd Lake,Morris,40.878198,-74.73875
07830,47.3,6745.0,6114.0,560.0,0.08302446256486286,124659.0,Califon,Hunterdon,40.723778,-74.81866
07832,45.1,4037.0,3685.0,277.0,0.06861530839732474,86944.0,Columbia,Warren,40.929759999999995,-75.06193
07833,60.3,103.0,103.0,0.0,0.0,-666666666.0,Delaware,Warren,40.895451,-75.06752
07834,44.3,18180.0,15726.0,2065.0,0.11358635863586358,116273.0,Denville,Morris,40.886148999999996,-74.48704000000001
07836,39.2,11972.0,10332.0,1422.0,0.11877714667557634,107128.0,Flanders,Morris,40.84405,-74.70134
07838,44.7,3403.0,3164.0,232.0,0.06817513958272113,107757.0,Great Meadows,Warren,40.886474,-74.90089
07840,41.3,30028.0,24584.0,5180.0,0.17250566138270948,77931.0,Hackettstown,Warren,40.861748,-74.83054
07842,38.8,97.0,71.0,18.0,0.18556701030927836,-666666666.0,Hibernia,Morris,40.940301,-74.49616999999999
07843,41.0,11797.0,10128.0,1382.0,0.11714842756633043,78694.0,Hopatcong,Sussex,40.937206,-74.66147
07846,15.8,46.0,46.0,0.0,0.0,207969.0,Johnsonburg,Warren,40.966266,-74.87979
07847,38.8,1593.0,1378.0,206.0,0.1293157564344005,108836.0,Kenvil,Morris,40.88038,-74.62009
07848,49.6,4910.0,4543.0,348.0,0.07087576374745418,78472.0,Lafayette,Sussex,41.094159000000005,-74.69036
07849,44.9,9142.0,7679.0,1420.0,0.15532706191205425,87212.0,Lake Hopatcong,Morris,40.963959,-74.61414
07850,40.4,6032.0,5171.0,691.0,0.11455570291777188,91164.0,Landing,Morris,40.908198,-74.65749
07851,52.0,36.0,36.0,0.0,0.0,101250.0,Layton,Sussex,41.172968,-74.88301
07852,44.9,3881.0,3331.0,519.0,0.13372842051017778,92792.0,Ledgewood,Morris,40.876349,-74.65769
07853,43.4,13232.0,12429.0,725.0,0.05479141475211608,154135.0,Long Valley,Morris,40.788599,-74.78295
07856,51.8,4524.0,3972.0,525.0,0.11604774535809019,91563.0,Mount Arlington,Morris,40.919498,-74.63559000000001
07857,44.8,3270.0,2778.0,486.0,0.14862385321100918,56016.0,Netcong,Morris,40.897397999999995,-74.70300999999999
07860,44.3,25654.0,23185.0,2262.0,0.08817338426756062,82716.0,Newton,Sussex,41.0714,-74.80199
07863,47.5,4213.0,3941.0,231.0,0.05483028720626632,85720.0,Oxford,Warren,40.815107,-74.96802
07865,44.8,1959.0,1920.0,39.0,0.019908116385911178,118654.0,Port Murray,Warren,40.783175,-74.90934
07866,44.6,22525.0,18653.0,3591.0,0.15942286348501664,102712.0,Rockaway,Morris,40.926798,-74.50624
07869,41.4,25769.0,20303.0,5061.0,0.19639877372036169,126290.0,Randolph,Morris,40.847649,-74.5748
07870,57.7,30.0,30.0,0.0,0.0,-666666666.0,Schooleys Mountain,Morris,40.810362,-74.81931800000001
07871,41.9,20459.0,18292.0,1934.0,0.09453052446356126,131813.0,Sparta,Sussex,41.035384,-74.63557
07874,44.3,8205.0,7367.0,754.0,0.0918951858622791,90613.0,Stanhope,Sussex,40.917054,-74.71053
07876,45.7,10518.0,9173.0,1188.0,0.11294922989161438,124854.0,Succasunna,Morris,40.855548999999996,-74.65250999999999
07878,43.1,786.0,734.0,52.0,0.06615776081424936,106481.0,Mount Tabor,Morris,40.872865999999995,-74.47843
07880,41.6,240.0,87.0,153.0,0.6375,132054.0,Vienna,Warren,40.864844,-74.897002
07881,86.5,6.0,6.0,0.0,0.0,-666666666.0,Wallpack Center,Sussex,41.125646,-74.917711
07882,43.1,14910.0,13608.0,1108.0,0.07431254191817573,90304.0,Washington,Warren,40.753753,-74.99616999999999
07885,38.9,10544.0,7675.0,2712.0,0.2572078907435508,79222.0,Wharton,Morris,40.913298,-74.58246
07901,39.9,23557.0,17582.0,5587.0,0.23716941885639087,128097.0,Summit,Union,40.714501,-74.3633
07920,44.3,26953.0,20838.0,5893.0,0.21863985456164434,135365.0,Basking Ridge,Somerset,40.6789,-74.57039
07921,45.2,7754.0,6564.0,1135.0,0.14637606396698477,104328.0,Bedminster,Somerset,40.652301,-74.653
07922,45.2,12574.0,10033.0,2394.0,0.19039287418482584,146674.0,Berkeley Heights,Union,40.675112,-74.43459
07924,41.4,7753.0,6251.0,1443.0,0.18612150135431446,150246.0,Bernardsville,Somerset,40.723440000000004,-74.57753000000001
07926,-666666666.0,7.0,7.0,0.0,0.0,-666666666.0,Brookside,Morris,40.800353,-74.57178499999999
07927,38.8,4024.0,3272.0,723.0,0.17967196819085487,106458.0,Cedar Knolls,Morris,40.821149,-74.45121
07928,41.7,19360.0,16175.0,2916.0,0.1506198347107438,173929.0,Chatham,Morris,40.7332,-74.39735999999999
07930,46.9,8435.0,7030.0,1254.0,0.14866627148784825,138328.0,Chester,Morris,40.786549,-74.68799
07931,45.3,3193.0,2895.0,273.0,0.08549953022236141,186571.0,Far Hills,Somerset,40.696601,-74.63781
07932,45.6,10197.0,8409.0,1617.0,0.15857605177993528,122843.0,Florham Park,Morris,40.77835,-74.39009
07933,43.8,3326.0,2907.0,406.0,0.12206855081178593,142542.0,Gillette,Morris,40.683934,-74.47079000000001
07934,39.3,1717.0,1590.0,115.0,0.0669772859638905,150250.0,Gladstone,Somerset,40.72265,-74.67432
07935,51.6,230.0,196.0,34.0,0.14782608695652175,-666666666.0,Green Village,Morris,40.739333,-74.45631
07936,46.7,11241.0,8514.0,2570.0,0.22862734632150164,121769.0,East Hanover,Morris,40.820012,-74.36474
07939,57.3,219.0,173.0,36.0,0.1643835616438356,-666666666.0,Lyons,Somerset,40.566553000000006,-74.599801
07940,35.7,17242.0,14666.0,2335.0,0.13542512469551096,128116.0,Madison,Morris,40.75875,-74.41609
07945,47.2,9059.0,8095.0,782.0,0.08632299370791478,171571.0,Mendham,Morris,40.782767,-74.59529
07946,43.5,3251.0,2813.0,429.0,0.13195939710858198,152750.0,Millington,Morris,40.672823,-74.52011
07950,43.1,19117.0,14430.0,4500.0,0.23539258251817755,120095.0,Greystone Park,Morris,40.842399,-74.48223
07950,43.1,19117.0,14430.0,4500.0,0.23539258251817755,120095.0,Morris Plains,Morris,40.842399,-74.48223
07960,41.4,45023.0,34909.0,9397.0,0.20871554538791284,114844.0,Morristown,Morris,40.79215,-74.48559
07961,-666666666.0,0.0,0.0,0.0,,-666666666.0,Morristown,Morris,40.77975,-74.442797
07970,53.2,168.0,99.0,69.0,0.4107142857142857,233750.0,Mount Freedom,Morris,40.813280999999996,-74.57267
07974,40.7,12316.0,10221.0,1959.0,0.1590613835660929,146776.0,New Providence,Union,40.698268,-74.40225
07976,58.7,608.0,608.0,0.0,0.0,116019.0,New Vernon,Morris,40.733739,-74.48850999999999
07977,43.3,567.0,417.0,129.0,0.2275132275132275,74063.0,Peapack,Somerset,40.707505,-74.65657
07979,49.6,541.0,531.0,10.0,0.018484288354898338,130913.0,Pottersville,Hunterdon,40.713675,-74.72465
07980,45.9,2186.0,1962.0,197.0,0.09011893870082342,122716.0,Stirling,Morris,40.672968,-74.49171
07981,45.9,9060.0,7353.0,1567.0,0.1729580573951435,112534.0,Whippany,Morris,40.821482,-74.42648
08001,45.8,869.0,854.0,10.0,0.011507479861910242,68750.0,Alloway,Salem,39.559426,-75.3631
08002,40.2,22946.0,18191.0,4421.0,0.19266974636102152,78812.0,Cherry Hill,Camden,39.932279,-75.02266
08003,45.1,29892.0,24665.0,5014.0,0.16773718720727954,122591.0,Cherry Hill,Camden,39.879713,-74.9719
08004,39.6,12495.0,11528.0,792.0,0.06338535414165666,87885.0,Atco,Camden,39.769357,-74.87264
08005,45.4,23606.0,21849.0,1541.0,0.06528001355587562,70564.0,Barnegat,Ocean,39.759581,-74.27398000000001
08006,69.7,365.0,346.0,15.0,0.0410958904109589,67750.0,Barnegat Light,Ocean,39.75196,-74.11074
08007,40.7,5144.0,4898.0,188.0,0.03654743390357698,70152.0,Barrington,Camden,39.868013,-75.05424000000001
08008,64.4,6923.0,6716.0,197.0,0.028455871731908132,82047.0,Beach Haven,Ocean,39.614596,-74.2005
08009,41.5,12824.0,12103.0,462.0,0.036026200873362446,81354.0,Berlin,Camden,39.779582,-74.9365
08010,42.1,11354.0,9914.0,1065.0,0.09379954201162585,64085.0,Beverly,Burlington,40.058211,-74.91404
08011,-666666666.0,23.0,23.0,0.0,0.0,-666666666.0,Birmingham,Burlington,39.978635,-74.71323000000001
08012,37.1,40040.0,36755.0,2768.0,0.06913086913086913,71865.0,Blackwood,Camden,39.784614000000005,-75.05678
08014,32.2,659.0,659.0,0.0,0.0,107838.0,Bridgeport,Gloucester,39.803646,-75.34421
08015,37.5,19837.0,17349.0,1537.0,0.07748147401320764,65531.0,Browns Mills,Burlington,39.960596,-74.5606
08016,40.3,33531.0,28453.0,3945.0,0.11765232173212847,74626.0,Burlington,Burlington,40.06834,-74.84463000000001
08019,42.2,1007.0,956.0,15.0,0.014895729890764648,95809.0,Chatsworth,Burlington,39.777314000000004,-74.5354
08020,46.4,2663.0,2508.0,109.0,0.04093128051070222,85519.0,Clarksboro,Gloucester,39.800958,-75.2211
08021,36.6,44394.0,38294.0,4881.0,0.10994729017434789,50262.0,Clementon,Camden,39.810485,-74.99574
08022,50.6,9210.0,7756.0,1323.0,0.14364820846905538,89770.0,Columbus,Burlington,40.079952,-74.70684
08023,47.5,371.0,371.0,0.0,0.0,28785.0,Deepwater,Salem,39.683577,-75.48931999999999
08026,45.0,2177.0,2073.0,92.0,0.042259990813045475,84625.0,Gibbsboro,Camden,39.833847,-74.96899
08027,43.1,4861.0,4606.0,151.0,0.031063567167249537,70255.0,Gibbstown,Gloucester,39.824159,-75.28187
08028,31.4,20656.0,18667.0,1357.0,0.06569519752130132,67875.0,Glassboro,Gloucester,39.700008000000004,-75.11950999999999
08029,50.0,4212.0,3983.0,133.0,0.03157644824311491,55435.0,Glendora,Camden,39.840463,-75.0687
08030,35.9,13339.0,12104.0,1027.0,0.07699227828173026,52136.0,Gloucester City,Camden,39.891113,-75.11836
08031,41.4,11482.0,9316.0,2026.0,0.17645009580212506,49713.0,Bellmawr,Camden,39.867013,-75.09161999999999
08033,41.5,16036.0,15326.0,587.0,0.036605138438513346,111939.0,Haddonfield,Camden,39.895213,-75.04019
08034,41.0,18508.0,16102.0,2162.0,0.11681435055111303,91362.0,Cherry Hill,Camden,39.908613,-74.99951
08035,44.7,7678.0,7328.0,210.0,0.027350872623078927,88667.0,Haddon Heights,Camden,39.879129999999996,-75.06599
08036,45.1,5971.0,5466.0,426.0,0.07134483336124602,97051.0,Hainesport,Burlington,39.985662,-74.83044
08037,44.1,24033.0,21243.0,2142.0,0.0891274497565847,71798.0,Hammonton,Atlantic,39.625291,-74.77705
08038,59.8,67.0,67.0,0.0,0.0,49583.0,Hancocks Bridge,Salem,39.481009,-75.50618
08039,34.0,115.0,109.0,0.0,0.0,68676.0,Harrisonville,Gloucester,39.685445,-75.2669
08041,42.3,1001.0,914.0,48.0,0.04795204795204795,110500.0,Jobstown,Burlington,40.038339,-74.6806
08042,35.0,219.0,219.0,0.0,0.0,-666666666.0,Juliustown,Burlington,40.018503,-74.66656
08043,44.7,29392.0,22185.0,6843.0,0.23281845400108872,85164.0,Voorhees,Camden,39.851969,-74.96128
08045,48.3,2846.0,2730.0,106.0,0.03724525650035137,63494.0,Lawnside,Camden,39.866513,-75.03197
08046,40.9,31549.0,26046.0,4748.0,0.15049605375764682,70929.0,Willingboro,Burlington,40.029011,-74.88257
08048,41.9,12309.0,11420.0,769.0,0.0624746120724673,84347.0,Lumberton,Burlington,39.967013,-74.80666
08049,37.3,5678.0,5315.0,241.0,0.042444522719267345,55250.0,Magnolia,Camden,39.85478,-75.03671
08050,44.6,24841.0,23277.0,1418.0,0.05708304818646592,75981.0,Manahawkin,Ocean,39.707575,-74.25933
08051,41.0,10357.0,9973.0,367.0,0.03543497151684851,79032.0,Mantua,Gloucester,39.785785,-75.17761
08052,38.7,18940.0,16613.0,1943.0,0.10258711721224921,57460.0,Maple Shade,Burlington,39.952212,-74.99464
08053,42.4,45489.0,41091.0,3919.0,0.08615269625623777,94395.0,Marlton,Burlington,39.884879999999995,-74.90416
08054,43.1,41795.0,36465.0,4672.0,0.11178370618495036,92826.0,Mount Laurel,Burlington,39.949446,-74.90342
08055,45.3,27454.0,25772.0,1444.0,0.052597071464995995,112267.0,Medford,Burlington,39.865272,-74.8185
08056,38.3,4831.0,4518.0,299.0,0.06189194783688677,158359.0,Mickleton,Gloucester,39.785219,-75.25304
08057,44.9,20893.0,18842.0,1764.0,0.0844301919303116,132713.0,Moorestown,Burlington,39.968962,-74.9489
08059,37.0,5676.0,5388.0,266.0,0.04686398872445384,73211.0,Mount Ephraim,Camden,39.884263,-75.0923
08060,38.9,24349.0,21090.0,2340.0,0.09610250934329952,79475.0,Mount Holly,Burlington,39.991562,-74.79746999999999
08061,31.5,2957.0,2864.0,76.0,0.025701724721001015,144258.0,Mount Royal,Gloucester,39.807684,-75.20496
08062,39.6,16272.0,15649.0,514.0,0.031588003933136675,125926.0,Mullica Hill,Gloucester,39.716939,-75.21987
08063,39.1,3068.0,3011.0,35.0,0.011408083441981747,62545.0,National Park,Gloucester,39.867158,-75.1802
08064,81.1,156.0,132.0,24.0,0.15384615384615385,-666666666.0,New Lisbon,Burlington,39.961921000000004,-74.63687
08065,42.1,7296.0,6365.0,607.0,0.08319627192982457,68307.0,Palmyra,Burlington,40.00278,-75.02626
08066,39.2,8700.0,8165.0,489.0,0.05620689655172414,49303.0,Paulsboro,Gloucester,39.833156,-75.23773
08067,38.2,1610.0,1512.0,67.0,0.04161490683229813,78239.0,Pedricktown,Salem,39.740353000000006,-75.41261999999999
08068,39.7,7166.0,6155.0,590.0,0.08233324030142339,58574.0,Pemberton,Burlington,39.961183,-74.66266
08069,37.3,12608.0,10720.0,1335.0,0.10588515228426396,49176.0,Penns Grove,Salem,39.712593,-75.46906
08070,43.5,12458.0,11810.0,541.0,0.043425911061165515,62417.0,Pennsville,Salem,39.645377,-75.51923000000001
08071,41.7,9415.0,9002.0,347.0,0.03685608072225172,74492.0,Pitman,Gloucester,39.730964,-75.13009
08072,47.0,327.0,322.0,5.0,0.01529051987767584,66346.0,Quinton,Salem,39.546172,-75.41367
08073,47.5,248.0,233.0,15.0,0.06048387096774194,193583.0,Rancocas,Burlington,40.010461,-74.86762
08074,39.6,17.0,11.0,6.0,0.35294117647058826,-666666666.0,Richwood,Gloucester,39.716194,-75.17326
08075,39.4,28894.0,25297.0,3223.0,0.1115456496158372,79486.0,Riverside,Burlington,40.029361,-74.9541
08077,42.5,19258.0,18032.0,1040.0,0.054003531000103855,97602.0,Riverton,Burlington,39.997378999999995,-74.99805
08078,36.9,8360.0,7559.0,702.0,0.08397129186602871,61210.0,Runnemede,Camden,39.850013,-75.0767
08079,39.7,10353.0,9961.0,217.0,0.020960108181203516,42357.0,Salem,Salem,39.549912,-75.43943
08080,43.0,37112.0,34380.0,2470.0,0.06655529208881224,97452.0,Sewell,Gloucester,39.74953,-75.10637
08081,37.3,49421.0,44390.0,4078.0,0.08251552983549504,83694.0,Sicklerville,Camden,39.741385,-74.99035
08083,42.7,9684.0,8866.0,585.0,0.0604089219330855,69783.0,Somerdale,Camden,39.842613,-75.02496
08084,41.6,7003.0,6393.0,546.0,0.07796658574896473,72652.0,Stratford,Camden,39.829014,-75.01371
08085,37.7,20424.0,18370.0,1693.0,0.08289267528397963,111318.0,Swedesboro,Gloucester,39.753088,-75.32687
08086,45.1,7947.0,7373.0,487.0,0.06128098653579967,78609.0,Thorofare,Gloucester,39.849156,-75.18159
08087,46.3,24764.0,23460.0,1012.0,0.04086577289613956,63832.0,Tuckerton,Ocean,39.59899,-74.36573
08088,48.6,24153.0,22994.0,768.0,0.031797292261830826,77303.0,Vincentown,Burlington,39.871699,-74.70528
08089,46.5,4448.0,4198.0,153.0,0.03439748201438849,63027.0,Waterford Works,Camden,39.722621999999994,-74.8503
08090,41.9,8200.0,7923.0,214.0,0.026097560975609755,87019.0,Wenonah,Gloucester,39.799347,-75.15202
08091,42.6,5453.0,5001.0,432.0,0.07922244635980194,59122.0,West Berlin,Camden,39.807695,-74.93392
08092,44.3,3557.0,3321.0,211.0,0.05931965139162215,81406.0,West Creek,Ocean,39.658781,-74.28673
08093,37.6,9322.0,8568.0,604.0,0.06479296288350139,54460.0,Westville,Gloucester,39.861413,-75.13284
08094,40.8,40233.0,37751.0,2102.0,0.05224566897820197,73848.0,Williamstown,Gloucester,39.647597999999995,-74.95926999999999
08095,32.7,116.0,116.0,0.0,0.0,-666666666.0,Winslow,Camden,39.656976,-74.86043000000001
08096,40.7,35641.0,32640.0,2389.0,0.06702954462557167,68785.0,Deptford,Gloucester,39.830313000000004,-75.13221
08096,40.7,35641.0,32640.0,2389.0,0.06702954462557167,68785.0,Woodbury,Gloucester,39.830313000000004,-75.13221
08097,42.3,3204.0,3071.0,99.0,0.03089887640449438,79281.0,Woodbury Heights,Gloucester,39.816063,-75.15321
08098,42.1,9341.0,8829.0,391.0,0.041858473396852586,85218.0,Woodstown,Salem,39.637838,-75.32396
08102,28.5,7623.0,5391.0,902.0,0.11832611832611832,20529.0,Camden,Camden,39.949579,-75.118
08103,31.5,14432.0,12058.0,928.0,0.06430155210643015,22500.0,Camden,Camden,39.936178999999996,-75.11513000000001
08104,28.9,23269.0,19125.0,2170.0,0.09325712321113928,22289.0,Camden,Camden,39.918663,-75.10976
08104,28.9,23269.0,19125.0,2170.0,0.09325712321113928,22289.0,Haddon Township,Camden,39.918663,-75.10976
08105,29.9,28469.0,18419.0,6251.0,0.21957216621588393,34750.0,Camden,Camden,39.949812,-75.08615999999999
08106,43.3,9710.0,9466.0,191.0,0.019670442842430483,74866.0,Audubon,Camden,39.892213,-75.07212
08107,37.2,13055.0,11465.0,1125.0,0.08617387973956339,54736.0,Haddon Township,Camden,39.908163,-75.08618
08107,37.2,13055.0,11465.0,1125.0,0.08617387973956339,54736.0,Oaklyn,Camden,39.908163,-75.08618
08108,41.4,18378.0,17496.0,797.0,0.04336706932201545,88937.0,Collingswood,Camden,39.915263,-75.06401
08108,41.4,18378.0,17496.0,797.0,0.04336706932201545,88937.0,Haddon Township,Camden,39.915263,-75.06401
08109,40.3,22916.0,19179.0,2655.0,0.11585791586664339,68567.0,Merchantville,Camden,39.949979,-75.05024
08110,37.9,18397.0,13156.0,3655.0,0.19867369679839103,65648.0,Pennsauken,Camden,39.966812,-75.05681
08201,44.7,10091.0,8721.0,1260.0,0.1248637399663066,58125.0,Absecon,Atlantic,39.457516999999996,-74.50914
08202,64.6,1525.0,1483.0,34.0,0.022295081967213116,87273.0,Avalon,Cape May,39.092928,-74.72688000000001
08203,55.6,9164.0,8198.0,887.0,0.09679179397642951,65724.0,Brigantine,Atlantic,39.401801,-74.38016999999999
08204,46.8,18824.0,17530.0,1024.0,0.05439864003399915,67186.0,Cape May,Cape May,38.963652,-74.92319
08205,40.8,28275.0,22949.0,4708.0,0.16650751547303272,63194.0,Absecon,Atlantic,39.471263,-74.50245699999999
08210,45.9,16648.0,16006.0,563.0,0.03381787602114368,70009.0,Cape May Court House,Cape May,39.081754,-74.83658
08212,68.0,204.0,199.0,4.0,0.0196078431372549,46964.0,Cape May Point,Cape May,38.936896000000004,-74.96526
08215,41.0,13674.0,12093.0,1144.0,0.08366242504022232,63724.0,Egg Harbor City,Atlantic,39.548049,-74.62171
08217,56.5,24.0,24.0,0.0,0.0,-666666666.0,Elwood,Atlantic,39.575272999999996,-74.72103
08221,47.8,6959.0,6382.0,468.0,0.06725104181635293,91861.0,Linwood,Atlantic,39.348616,-74.57387
08223,48.4,4057.0,3957.0,38.0,0.009366526990386986,73696.0,Marmora,Cape May,39.264412,-74.64986
08224,38.5,546.0,507.0,39.0,0.07142857142857142,61974.0,New Gretna,Burlington,39.595957,-74.45628
08225,42.8,8480.0,7282.0,1133.0,0.13360849056603774,73586.0,Northfield,Atlantic,39.370083,-74.55211
08226,53.2,11328.0,10320.0,820.0,0.07238700564971752,72715.0,Ocean City,Cape May,39.265371,-74.59380999999999
08230,42.7,5458.0,5219.0,191.0,0.03499450348112862,81698.0,Ocean View,Cape May,39.20877,-74.70438
08232,35.7,19507.0,13591.0,4813.0,0.2467319423796586,40196.0,Pleasantville,Atlantic,39.394616,-74.52212
08234,40.1,42628.0,34226.0,7054.0,0.16547808951862625,78324.0,Egg Harbor Township,Atlantic,39.398171999999995,-74.59666999999999
08240,20.3,2282.0,2172.0,74.0,0.03242769500438212,-666666666.0,Pomona,Atlantic,39.487716999999996,-74.554334
08241,48.6,1043.0,977.0,52.0,0.04985618408437201,102375.0,Port Republic,Atlantic,39.527903,-74.4917
08242,43.5,3004.0,2592.0,179.0,0.05958721704394141,53496.0,Rio Grande,Cape May,39.017837,-74.87515
08243,62.9,1971.0,1880.0,75.0,0.0380517503805175,72153.0,Sea Isle City,Cape May,39.145755,-74.69865
08244,41.0,10811.0,9511.0,1181.0,0.10924058828970493,52767.0,Somers Point,Atlantic,39.319901,-74.5999
08246,79.5,83.0,51.0,32.0,0.3855421686746988,-666666666.0,South Seaville,Cape May,39.056521000000004,-74.81661899999999
08247,61.5,1037.0,1010.0,25.0,0.024108003857280617,101484.0,Stone Harbor,Cape May,39.051289000000004,-74.76204
08248,47.3,257.0,257.0,0.0,0.0,222031.0,Strathmere,Cape May,39.197394,-74.65699000000001
08251,45.3,9423.0,8799.0,510.0,0.054122890799108564,49184.0,Villas,Cape May,39.022256,-74.93616
08260,53.0,12888.0,11352.0,889.0,0.06897889509621354,45471.0,Wildwood,Cape May,38.987556,-74.822
08270,41.6,8541.0,8122.0,189.0,0.022128556375131718,63471.0,Woodbine,Cape May,39.275059000000006,-74.80041
08302,33.5,45661.0,37823.0,6752.0,0.14787236372396576,46862.0,Bridgeton,Cumberland,39.445164,-75.24215
08310,48.8,1351.0,1336.0,15.0,0.011102886750555145,61458.0,Buena,Atlantic,39.522686,-74.89684
08311,37.1,2226.0,1905.0,204.0,0.09164420485175202,69444.0,Cedarville,Cumberland,39.337205,-75.18576999999999
08312,39.4,8095.0,7634.0,305.0,0.03767757875231625,63698.0,Clayton,Gloucester,39.655964000000004,-75.08736
08314,38.3,2817.0,2396.0,209.0,0.07419240326588569,72083.0,Delmont,Cumberland,39.219301,-74.94015999999999
08316,31.2,257.0,252.0,5.0,0.019455252918287938,44519.0,Dorchester,Cumberland,39.274714,-74.97546
08317,39.1,1509.0,1429.0,58.0,0.038436050364479786,79363.0,Dorothy,Atlantic,39.406518,-74.82706
08318,45.0,12330.0,11705.0,505.0,0.040957015409570155,79692.0,Elmer,Salem,39.553504,-75.16843
08319,46.0,1179.0,1157.0,22.0,0.018659881255301103,95662.0,Estell Manor,Atlantic,39.376098999999996,-74.81456
08320,36.8,1164.0,973.0,50.0,0.0429553264604811,-666666666.0,Fairton,Cumberland,39.379906,-75.221681
08321,69.6,200.0,200.0,0.0,0.0,24773.0,Fortescue,Cumberland,39.239649,-75.17225
08322,41.3,10938.0,10096.0,684.0,0.06253428414701043,83596.0,Franklinville,Gloucester,39.618221999999996,-75.0618
08323,43.1,893.0,869.0,21.0,0.023516237402015677,71250.0,Greenwich,Cumberland,39.402763,-75.3574
08324,51.3,188.0,186.0,0.0,0.0,88571.0,Heislerville,Cumberland,39.218484000000004,-74.99001
08326,35.0,1531.0,1277.0,147.0,0.09601567602873938,67958.0,Landisville,Atlantic,39.524179,-74.9385
08327,39.1,2954.0,2670.0,167.0,0.05653351387948544,89167.0,Leesburg,Cumberland,39.254836,-74.97766999999999
08328,43.2,1201.0,1159.0,40.0,0.03330557868442964,65288.0,Malaga,Gloucester,39.572449,-75.0543
08329,45.5,108.0,108.0,0.0,0.0,93098.0,Mauricetown,Cumberland,39.285464000000005,-74.99687
08330,39.9,28066.0,24618.0,2986.0,0.10639207582127841,64266.0,Mays Landing,Atlantic,39.478771,-74.7581
08332,37.8,36305.0,33570.0,1166.0,0.032116788321167884,50220.0,Millville,Cumberland,39.379382,-75.03923
08340,31.3,1268.0,1254.0,14.0,0.011041009463722398,97583.0,Milmay,Atlantic,39.437265000000004,-74.87926
08341,42.8,2220.0,1789.0,95.0,0.04279279279279279,33470.0,Minotola,Atlantic,39.517539,-74.94972
08343,46.1,5077.0,4946.0,94.0,0.01851487098680323,105329.0,Monroeville,Salem,39.633964,-75.15643
08344,44.8,5074.0,4806.0,106.0,0.02089081592432006,68405.0,Newfield,Gloucester,39.562763000000004,-75.00955
08345,51.1,742.0,724.0,15.0,0.02021563342318059,56339.0,Newport,Cumberland,39.283409999999996,-75.15464
08346,26.6,640.0,523.0,117.0,0.1828125,37074.0,Newtonville,Atlantic,39.562719,-74.85853
08348,54.3,131.0,131.0,0.0,0.0,56838.0,Port Elizabeth,Cumberland,39.314084,-74.97889
08349,41.2,2202.0,2148.0,37.0,0.016802906448683014,34821.0,Port Norris,Cumberland,39.256820000000005,-75.06683000000001
08350,23.3,1327.0,1310.0,0.0,0.0,58077.0,Richland,Atlantic,39.490774,-74.87045
08352,33.3,712.0,687.0,25.0,0.0351123595505618,68500.0,Rosenhayn,Cumberland,39.475565,-75.12933000000001
08353,45.8,450.0,440.0,10.0,0.022222222222222223,54375.0,Shiloh,Cumberland,39.458114,-75.29760999999999
08360,36.1,42689.0,30928.0,6035.0,0.14137131345311438,47098.0,Vineland,Cumberland,39.492265,-75.01886999999999
08361,44.5,18590.0,15948.0,1894.0,0.10188273265196342,76237.0,Vineland,Cumberland,39.464582,-74.96994000000001
08401,35.7,39075.0,24911.0,12914.0,0.3304926423544466,26006.0,Atlantic City,Atlantic,39.364965999999995,-74.43903
08402,60.6,6200.0,5743.0,403.0,0.065,69896.0,Margate City,Atlantic,39.329415999999995,-74.50661
08403,63.2,1088.0,1048.0,35.0,0.03216911764705882,118393.0,Longport,Atlantic,39.314766,-74.52675
08406,49.0,10429.0,7627.0,2390.0,0.22916866430146707,52799.0,Ventnor City,Atlantic,39.342299,-74.48192
08501,46.2,6165.0,5618.0,496.0,0.08045417680454177,116895.0,Allentown,Monmouth,40.164556,-74.57785
08502,40.9,11688.0,7851.0,3683.0,0.3151095140314853,182837.0,Belle Mead,Somerset,40.460136999999996,-74.63592
08505,41.1,17911.0,15726.0,1948.0,0.10875997990061972,88865.0,Bordentown,Burlington,40.132784,-74.71778
08510,44.8,5981.0,5498.0,411.0,0.06871760575154656,150050.0,Millstone Township,Monmouth,40.18238,-74.42134
08511,43.6,810.0,742.0,63.0,0.07777777777777778,79583.0,Cookstown,Burlington,40.050128,-74.55611
08512,41.5,10813.0,7382.0,3271.0,0.3025062424858966,83958.0,Cranbury,Middlesex,40.306286,-74.52627
08514,44.3,5392.0,5050.0,300.0,0.055637982195845696,90104.0,Cream Ridge,Monmouth,40.134892,-74.48688
08515,34.3,6468.0,5499.0,950.0,0.1468769325912183,142197.0,Chesterfield,Burlington,40.14821,-74.65125
08518,42.5,5509.0,4871.0,555.0,0.10074423670357596,61500.0,Florence,Burlington,40.117909999999995,-74.8047
08520,38.7,27662.0,18346.0,8845.0,0.3197527293760393,87401.0,Hightstown,Mercer,40.262809000000004,-74.53246
08525,47.5,4905.0,4489.0,378.0,0.07706422018348624,126141.0,Hopewell,Mercer,40.386902,-74.78112
08527,43.3,56139.0,50423.0,4988.0,0.08885088797449188,87995.0,Jackson,Ocean,40.115970000000004,-74.32251
08528,41.9,128.0,64.0,64.0,0.5,-666666666.0,Kingston,Somerset,40.377173,-74.61538
08530,45.9,7662.0,7171.0,413.0,0.05390237535891412,94740.0,Lambertville,Hunterdon,40.375039,-74.93184000000001
08533,40.3,6371.0,6143.0,210.0,0.03296185842097002,108185.0,New Egypt,Ocean,40.075185,-74.48433
08534,46.0,12949.0,11176.0,1595.0,0.1231755347903313,126108.0,Pennington,Mercer,40.32315,-74.78364
08535,45.6,4590.0,4054.0,459.0,0.1,174205.0,Perrineville,Monmouth,40.228497,-74.45064
08536,35.3,20239.0,9750.0,10293.0,0.5085725579327042,98883.0,Plainsboro,Middlesex,40.333709999999996,-74.58511999999999
08540,40.1,49153.0,32712.0,15567.0,0.316704982401888,135975.0,Princeton,Mercer,40.357439,-74.64922
08542,28.9,5507.0,3906.0,1535.0,0.27873615398583623,72977.0,Princeton,Mercer,40.354424,-74.65943
08550,45.0,19486.0,12178.0,7167.0,0.36780252488966436,200049.0,Princeton Junction,Mercer,40.292358,-74.60902
08551,45.4,5318.0,4949.0,329.0,0.06186536291839037,136765.0,Ringoes,Hunterdon,40.449171,-74.84979
08553,44.0,622.0,576.0,40.0,0.06430868167202572,112917.0,Rocky Hill,Somerset,40.400406,-74.63895
08554,38.9,3756.0,3566.0,158.0,0.04206602768903089,81273.0,Roebling,Burlington,40.113883,-74.77977
08555,41.7,805.0,737.0,60.0,0.07453416149068323,100556.0,Roosevelt,Monmouth,40.22142,-74.47378
08558,45.8,7584.0,5995.0,1521.0,0.20055379746835442,201964.0,Skillman,Somerset,40.410154999999996,-74.70725999999999
08559,49.7,5304.0,4968.0,236.0,0.0444947209653092,124088.0,Stockton,Hunterdon,40.435878,-74.96511
08560,47.0,3840.0,3464.0,349.0,0.09088541666666666,109973.0,Titusville,Mercer,40.31049,-74.85947
08561,39.4,220.0,171.0,49.0,0.22272727272727272,122697.0,Windsor,Mercer,40.242009,-74.58006
08562,36.3,4424.0,3930.0,447.0,0.10103978300180831,64464.0,Wrightstown,Burlington,40.062215,-74.58893
08608,40.2,946.0,799.0,127.0,0.13424947145877378,14740.0,Trenton,Mercer,40.219158,-74.76481
08609,34.5,13370.0,8037.0,4585.0,0.34293193717277487,31881.0,Trenton,Mercer,40.224441,-74.7421
08610,38.3,30469.0,23508.0,5942.0,0.19501788703272177,60620.0,Trenton,Mercer,40.199859000000004,-74.72005
08611,33.2,26625.0,15449.0,8926.0,0.3352488262910798,37248.0,Trenton,Mercer,40.206959000000005,-74.75135999999999
08618,30.5,40655.0,34978.0,4694.0,0.11545935309310049,41920.0,Trenton,Mercer,40.238258,-74.7805
08619,42.7,21593.0,18210.0,3109.0,0.14398184596860095,74056.0,Trenton,Mercer,40.240558,-74.69588
08620,43.6,12481.0,11239.0,947.0,0.07587533050236359,92629.0,Trenton,Mercer,40.172959999999996,-74.66915
08628,46.0,9205.0,8134.0,941.0,0.1022270505160239,86315.0,Trenton,Mercer,40.264708,-74.82295
08629,33.1,14051.0,8590.0,4494.0,0.3198348871966408,61058.0,Trenton,Mercer,40.219358,-74.73334
08638,39.0,22484.0,17671.0,4236.0,0.18840064045543498,50754.0,Trenton,Mercer,40.249908000000005,-74.75953
08640,34.4,8032.0,6543.0,919.0,0.11441733067729083,58750.0,Fort Dix,Burlington,40.003861,-74.61775
08641,22.8,4851.0,4344.0,311.0,0.06411049268192125,57500.0,Trenton,Burlington,40.04492,-74.58915999999999
08648,39.4,32231.0,23771.0,8153.0,0.25295522943749804,95537.0,Trenton,Mercer,40.276782,-74.72951
08690,45.8,18967.0,16627.0,2025.0,0.1067643802393631,99837.0,Trenton,Mercer,40.225409,-74.65918
08691,44.1,16002.0,13459.0,2374.0,0.1483564554430696,119659.0,Trenton,Mercer,40.207034,-74.59364000000001
08701,20.6,99467.0,82669.0,13004.0,0.1307368272894528,45321.0,Lakewood,Ocean,40.082782,-74.2094
08720,42.0,988.0,946.0,42.0,0.04251012145748988,122826.0,Allenwood,Monmouth,40.14386,-74.10285999999999
08721,40.9,21127.0,19894.0,1118.0,0.05291806692857481,78496.0,Bayville,Ocean,39.902851,-74.16037
08722,35.5,11193.0,10616.0,510.0,0.04556419190565532,72815.0,Beachwood,Ocean,39.931067999999996,-74.19618
08723,43.9,32520.0,29205.0,2863.0,0.08803813038130381,70174.0,Brick,Ocean,40.042479,-74.123
08724,45.4,41401.0,38685.0,2297.0,0.05548175164851091,75988.0,Brick,Ocean,40.087794,-74.10981
08730,47.6,4738.0,4546.0,172.0,0.03630223723089911,133493.0,Brielle,Monmouth,40.108433000000005,-74.06226
08731,42.8,20180.0,19260.0,801.0,0.03969276511397423,75333.0,Forked River,Ocean,39.848034999999996,-74.21297
08732,51.3,1438.0,1333.0,73.0,0.050764951321279554,83929.0,Island Heights,Ocean,39.942615999999994,-74.14689
08733,34.1,2725.0,2336.0,295.0,0.10825688073394496,62262.0,Lakehurst,Ocean,40.017117,-74.30490999999999
08734,47.1,8264.0,7887.0,267.0,0.032308809293320424,83086.0,Lanoka Harbor,Ocean,39.862864,-74.16624
08735,63.8,3582.0,3327.0,241.0,0.06728084868788387,68224.0,Lavallette,Ocean,39.982101,-74.06768000000001
08736,46.4,12848.0,11746.0,1032.0,0.08032378580323786,112836.0,Manasquan,Monmouth,40.120261,-74.05765
08738,68.6,1028.0,999.0,24.0,0.023346303501945526,84167.0,Mantoloking,Ocean,40.025258,-74.05579
08740,42.3,1911.0,1860.0,41.0,0.021454735740450027,62813.0,Ocean Gate,Ocean,39.925301,-74.13488000000001
08741,49.4,2651.0,2506.0,137.0,0.05167861184458695,93750.0,Pine Beach,Ocean,39.934318,-74.16773
08742,45.2,24410.0,22973.0,1287.0,0.05272429332240885,92579.0,Point Pleasant Beach,Ocean,40.081165000000006,-74.06003
08750,55.4,3272.0,3139.0,100.0,0.030562347188264057,117950.0,Sea Girt,Monmouth,40.133753999999996,-74.04123
08751,39.7,4230.0,3372.0,784.0,0.18534278959810874,56667.0,Seaside Heights,Ocean,39.948518,-74.0759
08752,59.7,2200.0,2137.0,23.0,0.010454545454545454,62464.0,Seaside Park,Ocean,39.920268,-74.07967
08753,41.5,62844.0,57438.0,4924.0,0.0783527464833556,77119.0,Toms River,Ocean,39.974584,-74.15141
08755,47.5,26082.0,22695.0,2890.0,0.110804386166705,72674.0,Toms River,Ocean,40.010092,-74.23031999999999
08757,63.1,33534.0,29903.0,2830.0,0.08439196039840162,40767.0,Toms River,Ocean,39.975967,-74.25296
08758,58.4,7651.0,7405.0,220.0,0.02875441118807999,66692.0,Waretown,Ocean,39.784513000000004,-74.22376
08759,68.6,32970.0,29604.0,2927.0,0.08877767667576585,38212.0,Manchester Township,Ocean,39.943540999999996,-74.36949
08801,28.2,8999.0,8158.0,720.0,0.08000888987665296,120435.0,Annandale,Hunterdon,40.624538,-74.89118
08802,45.5,4263.0,3987.0,248.0,0.058174994135585266,125494.0,Asbury,Hunterdon,40.661172,-75.0321
08804,44.6,2423.0,2259.0,161.0,0.06644655385885266,84375.0,Bloomsbury,Hunterdon,40.652484,-75.08959
08805,36.3,12026.0,8398.0,3361.0,0.2794777981041078,68125.0,Bound Brook,Somerset,40.567953,-74.54034
08807,41.9,39382.0,28567.0,10392.0,0.2638768980752628,120065.0,Bridgewater,Somerset,40.588097,-74.62253
08808,55.9,47.0,47.0,0.0,0.0,-666666666.0,Broadway,Warren,40.737213,-75.046926
08809,39.3,5955.0,5131.0,768.0,0.12896725440806045,91157.0,Clinton,Hunterdon,40.639546,-74.91292
08810,38.9,9182.0,4839.0,4149.0,0.4518623393596166,130203.0,Dayton,Middlesex,40.372881,-74.51363
08812,40.5,14573.0,10875.0,3472.0,0.23824881630412406,96463.0,Dunellen,Middlesex,40.594502,-74.47166
08816,44.0,47259.0,31052.0,15625.0,0.330624854525064,106039.0,East Brunswick,Middlesex,40.434239,-74.40504
08817,36.9,45039.0,25626.0,18562.0,0.4121317080752237,87688.0,Edison,Middlesex,40.516104,-74.39754
08820,42.1,40080.0,16950.0,22848.0,0.5700598802395209,120911.0,Edison,Middlesex,40.575503000000005,-74.35781
08821,46.7,342.0,312.0,22.0,0.06432748538011696,53859.0,Flagtown,Somerset,40.518578000000005,-74.68545
08822,44.0,31067.0,26060.0,4533.0,0.1459104516045965,107215.0,Flemington,Hunterdon,40.515645,-74.85319
08823,39.3,9258.0,5455.0,3637.0,0.392849427522143,102851.0,Franklin Park,Somerset,40.439412,-74.55565
08824,43.6,12562.0,8549.0,3833.0,0.30512657220187867,128623.0,Kendall Park,Middlesex,40.423055,-74.55351999999999
08825,49.5,4415.0,4126.0,242.0,0.05481313703284258,106858.0,Frenchtown,Hunterdon,40.509997999999996,-75.03239
08826,47.6,5091.0,4751.0,311.0,0.061088194853663326,100931.0,Glen Gardner,Hunterdon,40.716332,-74.91405
08827,48.9,4296.0,3920.0,337.0,0.07844506517690875,102928.0,Hampton,Hunterdon,40.677403999999996,-74.96875
08828,42.4,2321.0,1958.0,330.0,0.14218009478672985,79702.0,Helmetta,Middlesex,40.37594,-74.41955
08829,44.1,3597.0,3195.0,284.0,0.07895468445927162,93026.0,High Bridge,Hunterdon,40.668594,-74.89241
08830,42.3,19169.0,10009.0,8856.0,0.4619959309301476,86875.0,Iselin,Middlesex,40.571504,-74.3183
08831,52.6,50344.0,38881.0,11021.0,0.21891387255680916,78920.0,Monroe Township,Middlesex,40.336508,-74.43302
08832,36.0,2657.0,1243.0,1251.0,0.4708317651486639,59009.0,Keasbey,Middlesex,40.517855,-74.30325
08833,49.1,8322.0,7599.0,586.0,0.07041576544099976,137063.0,Lebanon,Hunterdon,40.643314000000004,-74.82345
08835,38.3,10436.0,8110.0,2229.0,0.21358758144883097,67080.0,Manville,Somerset,40.538903000000005,-74.59222
08836,47.3,3898.0,3179.0,660.0,0.16931759876859928,150994.0,Martinsville,Somerset,40.595552000000005,-74.55174
08837,38.7,17199.0,10369.0,6627.0,0.3853130995988139,80423.0,Edison,Middlesex,40.529354999999995,-74.33844
08840,41.7,16571.0,12592.0,3802.0,0.22943696819745338,115785.0,Metuchen,Middlesex,40.543354,-74.3587
08844,41.0,39920.0,32026.0,7541.0,0.18890280561122244,120173.0,Hillsborough,Somerset,40.502477,-74.650023
08846,38.2,13875.0,10896.0,2828.0,0.2038198198198198,73196.0,Middlesex,Middlesex,40.574552000000004,-74.50187
08848,48.2,8416.0,8185.0,138.0,0.016397338403041826,97319.0,Milford,Hunterdon,40.587606,-75.10401999999999
08850,41.9,8747.0,7209.0,1443.0,0.16497084714759347,102664.0,Milltown,Middlesex,40.451105,-74.43938
08852,36.5,18095.0,10654.0,7398.0,0.40884222160817907,101928.0,Monmouth Junction,Middlesex,40.389428,-74.54329
08853,43.4,5378.0,4584.0,758.0,0.1409445890665675,130352.0,Neshanic Station,Somerset,40.51057,-74.72471999999999
08854,31.2,57695.0,38601.0,18513.0,0.32087702573879884,89617.0,Piscataway,Middlesex,40.555355,-74.46094000000001
08857,41.2,41227.0,31370.0,8986.0,0.21796395566012564,93650.0,Old Bridge,Middlesex,40.397507,-74.3298
08858,56.5,173.0,173.0,0.0,0.0,-666666666.0,Oldwick,Hunterdon,40.681694,-74.73624000000001
08859,39.4,22183.0,15858.0,5937.0,0.267637379975657,83389.0,Parlin,Middlesex,40.461851,-74.30343
08861,33.1,54453.0,27013.0,22453.0,0.41233724496354657,51389.0,Perth Amboy,Middlesex,40.520105,-74.27708
08863,36.6,13197.0,9312.0,3587.0,0.27180419792377053,87357.0,Fords,Middlesex,40.535304,-74.31104
08865,42.3,28883.0,26038.0,2487.0,0.08610601391822179,60887.0,Phillipsburg,Warren,40.689122999999995,-75.17243
08867,45.6,5158.0,4840.0,281.0,0.05447848003101977,125694.0,Pittstown,Hunterdon,40.583034999999995,-74.96224000000001
08869,41.0,7758.0,5314.0,2342.0,0.30188192833204436,78974.0,Raritan,Somerset,40.571302,-74.6374
08872,38.5,20482.0,13835.0,6265.0,0.3058783321941217,74985.0,Sayreville,Middlesex,40.461605,-74.3474
08873,41.0,54342.0,37762.0,15726.0,0.28938942254609695,90555.0,Somerset,Somerset,40.505253,-74.50723
08876,38.6,22195.0,18168.0,3819.0,0.172065780581212,91324.0,Somerville,Somerset,40.545853,-74.63592
08879,43.0,23214.0,18237.0,4444.0,0.1914362022917205,68693.0,South Amboy,Middlesex,40.469606,-74.27669
08880,36.1,4606.0,3313.0,1282.0,0.27833260963960055,81545.0,South Bound Brook,Somerset,40.553803,-74.52976
08882,37.5,16270.0,10916.0,5114.0,0.31432083589428395,62179.0,South River,Middlesex,40.445006,-74.38179000000001
08884,45.5,8443.0,7281.0,1089.0,0.12898258912708752,75226.0,Spotswood,Middlesex,40.39159,-74.39329000000001
08886,38.6,7476.0,6545.0,882.0,0.11797752808988764,106012.0,Stewartsville,Warren,40.694938,-75.11180999999999
08887,44.6,1116.0,975.0,125.0,0.11200716845878136,83750.0,Three Bridges,Hunterdon,40.525361,-74.79632
08889,48.5,9359.0,8362.0,828.0,0.08847099049043701,134387.0,Whitehouse Station,Hunterdon,40.612851,-74.76682
08890,-666666666.0,0.0,0.0,0.0,,-666666666.0,Zarephath,Somerset,40.536069,-74.578872
08901,23.0,58347.0,36892.0,19946.0,0.34185133768659914,38413.0,New Brunswick,Middlesex,40.488304,-74.44775
08902,36.9,41600.0,26214.0,14658.0,0.3523557692307692,88512.0,North Brunswick,Middlesex,40.453131,-74.48286999999999
08904,35.5,14250.0,10243.0,3819.0,0.268,75913.0,Highland Park,Middlesex,40.500254,-74.4257
